iso_code,location,date,new_cases
IND,India,1/30/20,1
IND,India,1/31/20,0
IND,India,2/1/20,0
IND,India,2/2/20,1
IND,India,2/3/20,1
IND,India,2/4/20,0
IND,India,2/5/20,0
IND,India,2/6/20,0
IND,India,2/7/20,0
IND,India,2/8/20,0
IND,India,2/9/20,0
IND,India,2/10/20,0
IND,India,2/11/20,0
IND,India,2/12/20,0
IND,India,2/13/20,0
IND,India,2/14/20,0
IND,India,2/15/20,0
IND,India,2/16/20,0
IND,India,2/17/20,0
IND,India,2/18/20,0
IND,India,2/19/20,0
IND,India,2/20/20,0
IND,India,2/21/20,0
IND,India,2/22/20,0
IND,India,2/23/20,0
IND,India,2/24/20,0
IND,India,2/25/20,0
IND,India,2/26/20,0
IND,India,2/27/20,0
IND,India,2/28/20,0
IND,India,2/29/20,0
IND,India,3/1/20,0
IND,India,3/2/20,2
IND,India,3/3/20,0
IND,India,3/4/20,23
IND,India,3/5/20,2
IND,India,3/6/20,1
IND,India,3/7/20,3
IND,India,3/8/20,5
IND,India,3/9/20,4
IND,India,3/10/20,13
IND,India,3/11/20,6
IND,India,3/12/20,11
IND,India,3/13/20,9
IND,India,3/14/20,20
IND,India,3/15/20,11
IND,India,3/16/20,6
IND,India,3/17/20,23
IND,India,3/18/20,14
IND,India,3/19/20,38
IND,India,3/20/20,50
IND,India,3/21/20,86
IND,India,3/22/20,66
IND,India,3/23/20,103
IND,India,3/24/20,37
IND,India,3/25/20,121
IND,India,3/26/20,70
IND,India,3/27/20,160
IND,India,3/28/20,100
IND,India,3/29/20,37
IND,India,3/30/20,227
IND,India,3/31/20,146
IND,India,4/1/20,601
IND,India,4/2/20,545
IND,India,4/3/20,24
IND,India,4/4/20,515
IND,India,4/5/20,506
IND,India,4/6/20,1190
IND,India,4/7/20,533
IND,India,4/8/20,605
IND,India,4/9/20,809
IND,India,4/10/20,873
IND,India,4/11/20,848
IND,India,4/12/20,759
IND,India,4/13/20,1248
IND,India,4/14/20,1034
IND,India,4/15/20,835
IND,India,4/16/20,1108
IND,India,4/17/20,922
IND,India,4/18/20,1370
IND,India,4/19/20,1893
IND,India,4/20/20,924
IND,India,4/21/20,1541
IND,India,4/22/20,1290
IND,India,4/23/20,1707
IND,India,4/24/20,1453
IND,India,4/25/20,1753
IND,India,4/26/20,1607
IND,India,4/27/20,1561
IND,India,4/28/20,1873
IND,India,4/29/20,1738
IND,India,4/30/20,1801
IND,India,5/1/20,2394
IND,India,5/2/20,2442
IND,India,5/3/20,2806
IND,India,5/4/20,3932
IND,India,5/5/20,2963
IND,India,5/6/20,3587
IND,India,5/7/20,3364
IND,India,5/8/20,3344
IND,India,5/9/20,3113
IND,India,5/10/20,4353
IND,India,5/11/20,3607
IND,India,5/12/20,3524
IND,India,5/13/20,3763
IND,India,5/14/20,3942
IND,India,5/15/20,3787
IND,India,5/16/20,4864
IND,India,5/17/20,5050
IND,India,5/18/20,4630
IND,India,5/19/20,6147
IND,India,5/20/20,5553
IND,India,5/21/20,6198
IND,India,5/22/20,6568
IND,India,5/23/20,6629
IND,India,5/24/20,7113
IND,India,5/25/20,6414
IND,India,5/26/20,5843
IND,India,5/27/20,7293
IND,India,5/28/20,7300
IND,India,5/29/20,8105
IND,India,5/30/20,8336
IND,India,5/31/20,8782
IND,India,6/1/20,7761
IND,India,6/2/20,8821
IND,India,6/3/20,9633
IND,India,6/4/20,9889
IND,India,6/5/20,9471
IND,India,6/6/20,10438
IND,India,6/7/20,10864
IND,India,6/8/20,8442
IND,India,6/9/20,10218
IND,India,6/10/20,10459
IND,India,6/11/20,10930
IND,India,6/12/20,11458
IND,India,6/13/20,11929
IND,India,6/14/20,11502
IND,India,6/15/20,10667
IND,India,6/16/20,10974
IND,India,6/17/20,12881
IND,India,6/18/20,13586
IND,India,6/19/20,14516
IND,India,6/20/20,15403
IND,India,6/21/20,14831
IND,India,6/22/20,14933
IND,India,6/23/20,15968
IND,India,6/24/20,16922
IND,India,6/25/20,17296
IND,India,6/26/20,18552
IND,India,6/27/20,19906
IND,India,6/28/20,19459
IND,India,6/29/20,18522
IND,India,6/30/20,18641
IND,India,7/1/20,19160
IND,India,7/2/20,20903
IND,India,7/3/20,22771
IND,India,7/4/20,24850
IND,India,7/5/20,24248
IND,India,7/6/20,22251
IND,India,7/7/20,22753
IND,India,7/8/20,24879
IND,India,7/9/20,26506
IND,India,7/10/20,27114
IND,India,7/11/20,28606
IND,India,7/12/20,28732
IND,India,7/13/20,28498
IND,India,7/14/20,29429
IND,India,7/15/20,32676
IND,India,7/16/20,34975
IND,India,7/17/20,35252
IND,India,7/18/20,38697
IND,India,7/19/20,40425
IND,India,7/20/20,37132
IND,India,7/21/20,37740
IND,India,7/22/20,45720
IND,India,7/23/20,49310
IND,India,7/24/20,48916
IND,India,7/25/20,48611
IND,India,7/26/20,49981
IND,India,7/27/20,44457
IND,India,7/28/20,51596
IND,India,7/29/20,50294
IND,India,7/30/20,52783
IND,India,7/31/20,61242
IND,India,8/1/20,54735
IND,India,8/2/20,52972
IND,India,8/3/20,52050
IND,India,8/4/20,52509
IND,India,8/5/20,56282
IND,India,8/6/20,62538
IND,India,8/7/20,61537
IND,India,8/8/20,64399
IND,India,8/9/20,62064
IND,India,8/10/20,53601
IND,India,8/11/20,60963
IND,India,8/12/20,66999
IND,India,8/13/20,64553
IND,India,8/14/20,64732
IND,India,8/15/20,64030
IND,India,8/16/20,57711
IND,India,8/17/20,55018
IND,India,8/18/20,64572
IND,India,8/19/20,69672
IND,India,8/20/20,68900
IND,India,8/21/20,69876
IND,India,8/22/20,69239
IND,India,8/23/20,61408
IND,India,8/24/20,60975
IND,India,8/25/20,57224
IND,India,8/26/20,85687
IND,India,8/27/20,77266
IND,India,8/28/20,76472
IND,India,8/29/20,78761
IND,India,8/30/20,78512
IND,India,8/31/20,69921
IND,India,9/1/20,78357
IND,India,9/2/20,83883
IND,India,9/3/20,83341
IND,India,9/4/20,86432
IND,India,9/5/20,90632
IND,India,9/6/20,90802
IND,India,9/7/20,75809
IND,India,9/8/20,89706
IND,India,9/9/20,95735
IND,India,9/10/20,96551
IND,India,9/11/20,97570
IND,India,9/12/20,94372
IND,India,9/13/20,92071
IND,India,9/14/20,83809
IND,India,9/15/20,90123
IND,India,9/16/20,97894
IND,India,9/17/20,96424
IND,India,9/18/20,93337
IND,India,9/19/20,92605
IND,India,9/20/20,86961
IND,India,9/21/20,75083
IND,India,9/22/20,83347
IND,India,9/23/20,86508
IND,India,9/24/20,86052
IND,India,9/25/20,85362
IND,India,9/26/20,88600
IND,India,9/27/20,82170
IND,India,9/28/20,70589
IND,India,9/29/20,80472
IND,India,9/30/20,86821
IND,India,10/1/20,81484
IND,India,10/2/20,79476
IND,India,10/3/20,75829
IND,India,10/4/20,74442
IND,India,10/5/20,61267
IND,India,10/6/20,72049
IND,India,10/7/20,78524
IND,India,10/8/20,70496
IND,India,10/9/20,73272
IND,India,10/10/20,74383
IND,India,10/11/20,66732
IND,India,10/12/20,55342
IND,India,10/13/20,63509
IND,India,10/14/20,67708
IND,India,10/15/20,63371
IND,India,10/16/20,62212
IND,India,10/17/20,61871
IND,India,10/18/20,55722
IND,India,10/19/20,46790
IND,India,10/20/20,54044
IND,India,10/21/20,55839
IND,India,10/22/20,54366
IND,India,10/23/20,53370
IND,India,10/24/20,50129
IND,India,10/25/20,45148
IND,India,10/26/20,36470
IND,India,10/27/20,43893
IND,India,10/28/20,49881
IND,India,10/29/20,48648
IND,India,10/30/20,48268
IND,India,10/31/20,46963
IND,India,11/1/20,45231
IND,India,11/2/20,38310
IND,India,11/3/20,46253
IND,India,11/4/20,50210
IND,India,11/5/20,47638
IND,India,11/6/20,50356
IND,India,11/7/20,45674
IND,India,11/8/20,45903
IND,India,11/9/20,38073
IND,India,11/10/20,44281
IND,India,11/11/20,47905
IND,India,11/12/20,44879
IND,India,11/13/20,44684
IND,India,11/14/20,41100
IND,India,11/15/20,30548
IND,India,11/16/20,29163
IND,India,11/17/20,38617
IND,India,11/18/20,45576
IND,India,11/19/20,45882
IND,India,11/20/20,46232
IND,India,11/21/20,45209
IND,India,11/22/20,44059
IND,India,11/23/20,37975
IND,India,11/24/20,44376
IND,India,11/25/20,44489
IND,India,11/26/20,43082
IND,India,11/27/20,41322
IND,India,11/28/20,41810
IND,India,11/29/20,38772
IND,India,11/30/20,31118
IND,India,12/1/20,36604
IND,India,12/2/20,35551
IND,India,12/3/20,36595
IND,India,12/4/20,36652
IND,India,12/5/20,36011
IND,India,12/6/20,32981
IND,India,12/7/20,26567
IND,India,12/8/20,32080
IND,India,12/9/20,31521
IND,India,12/10/20,29373
IND,India,12/11/20,30031
IND,India,12/12/20,30254
IND,India,12/13/20,27071
IND,India,12/14/20,22065
IND,India,12/15/20,26382
IND,India,12/16/20,24010
IND,India,12/17/20,22890
IND,India,12/18/20,25152
IND,India,12/19/20,26624
IND,India,12/20/20,24337
IND,India,12/21/20,19556
IND,India,12/22/20,23950
IND,India,12/23/20,24712
IND,India,12/24/20,23067
IND,India,12/25/20,22273
IND,India,12/26/20,18732
IND,India,12/27/20,20021
IND,India,12/28/20,16432
IND,India,12/29/20,20549
IND,India,12/30/20,21822
IND,India,12/31/20,0
IND,India,1/1/21,20035
IND,India,1/2/21,37256
IND,India,1/3/21,16504
IND,India,1/4/21,16375
IND,India,1/5/21,18088
IND,India,1/6/21,20346
IND,India,1/7/21,18139
IND,India,1/8/21,0
IND,India,1/9/21,36867
IND,India,1/10/21,16311
IND,India,1/11/21,12584
IND,India,1/12/21,15968
IND,India,1/13/21,16946
IND,India,1/14/21,15590
IND,India,1/15/21,15158
IND,India,1/16/21,15144
IND,India,1/17/21,13788
IND,India,1/18/21,10050
IND,India,1/19/21,13816
IND,India,1/20/21,15244
IND,India,1/21/21,14545
IND,India,1/22/21,14256
IND,India,1/23/21,14849
IND,India,1/24/21,13203
IND,India,1/25/21,9102
IND,India,1/26/21,12689
IND,India,1/27/21,11666
IND,India,1/28/21,18855
IND,India,1/29/21,13082
IND,India,1/30/21,13044
IND,India,1/31/21,11436
IND,India,2/1/21,8635
IND,India,2/2/21,11039
IND,India,2/3/21,12899
IND,India,2/4/21,12408
IND,India,2/5/21,11713
IND,India,2/6/21,12059
IND,India,2/7/21,11831
IND,India,2/8/21,9110
IND,India,2/9/21,11067
IND,India,2/10/21,12923
IND,India,2/11/21,9309
IND,India,2/12/21,12143
IND,India,2/13/21,12194
IND,India,2/14/21,11649
IND,India,2/15/21,9121
IND,India,2/16/21,11610
IND,India,2/17/21,12881
IND,India,2/18/21,13193
IND,India,2/19/21,13993
IND,India,2/20/21,14264
IND,India,2/21/21,14199
IND,India,2/22/21,10584
IND,India,2/23/21,13742
IND,India,2/24/21,16738
IND,India,2/25/21,16577
IND,India,2/26/21,16488
IND,India,2/27/21,16752
IND,India,2/28/21,15510
IND,India,3/1/21,12286
IND,India,3/2/21,14989
IND,India,3/3/21,17407
IND,India,3/4/21,16838
IND,India,3/5/21,18284
IND,India,3/6/21,18754
IND,India,3/7/21,18599
IND,India,3/8/21,15388
IND,India,3/9/21,17921
IND,India,3/10/21,22854
IND,India,3/11/21,23285
IND,India,3/12/21,24882
IND,India,3/13/21,25320
IND,India,3/14/21,26291
IND,India,3/15/21,24492
IND,India,3/16/21,28903
IND,India,3/17/21,35871
IND,India,3/18/21,39726
IND,India,3/19/21,40953
IND,India,3/20/21,43846
IND,India,3/21/21,46951
IND,India,3/22/21,40715
IND,India,3/23/21,47262
IND,India,3/24/21,53476
IND,India,3/25/21,59118
IND,India,3/26/21,62258
IND,India,3/27/21,62714
IND,India,3/28/21,68020
IND,India,3/29/21,56211
IND,India,3/30/21,53480
IND,India,3/31/21,72330
IND,India,4/1/21,81466
IND,India,4/2/21,89129
IND,India,4/3/21,93249
IND,India,4/4/21,103558
IND,India,4/5/21,96982
IND,India,4/6/21,115736
IND,India,4/7/21,126789
IND,India,4/8/21,131968
IND,India,4/9/21,145384
IND,India,4/10/21,152879
IND,India,4/11/21,168912
IND,India,4/12/21,161736
IND,India,4/13/21,184372
IND,India,4/14/21,200739
IND,India,4/15/21,217353
IND,India,4/16/21,234692
IND,India,4/17/21,261394
IND,India,4/18/21,273802
IND,India,4/19/21,259167
IND,India,4/20/21,295158
IND,India,4/21/21,314644
IND,India,4/22/21,332921
IND,India,4/23/21,346786
IND,India,4/24/21,349691
IND,India,4/25/21,352991
IND,India,4/26/21,323023
IND,India,4/27/21,360927
IND,India,4/28/21,379308
IND,India,4/29/21,386555
IND,India,4/30/21,401993
IND,India,5/1/21,392488
IND,India,5/2/21,368060
IND,India,5/3/21,357316
IND,India,5/4/21,382146
IND,India,5/5/21,412431
IND,India,5/6/21,414188
IND,India,5/7/21,401078
IND,India,5/8/21,403405
IND,India,5/9/21,366494
IND,India,5/10/21,329942
IND,India,5/11/21,348421
IND,India,5/12/21,362727
IND,India,5/13/21,343144
IND,India,5/14/21,326098
IND,India,5/15/21,311170
IND,India,5/16/21,281386
IND,India,5/17/21,263533
IND,India,5/18/21,267334
IND,India,5/19/21,276110
IND,India,5/20/21,259551
IND,India,5/21/21,257299
IND,India,5/22/21,240842
IND,India,5/23/21,222315
IND,India,5/24/21,196427
IND,India,5/25/21,208921
IND,India,5/26/21,211298
IND,India,5/27/21,186364
IND,India,5/28/21,173790
IND,India,5/29/21,165553
IND,India,5/30/21,152734
IND,India,5/31/21,127510
IND,India,6/1/21,132788
IND,India,6/2/21,134154
IND,India,6/3/21,132364
IND,India,6/4/21,120529
IND,India,6/5/21,114460
IND,India,6/6/21,100636
IND,India,6/7/21,86498
IND,India,6/8/21,92596
IND,India,6/9/21,93463
IND,India,6/10/21,92291
IND,India,6/11/21,84332
IND,India,6/12/21,80834
IND,India,6/13/21,70421
IND,India,6/14/21,60471
IND,India,6/15/21,62224
IND,India,6/16/21,67208
IND,India,6/17/21,62480
IND,India,6/18/21,60753
IND,India,6/19/21,58226
IND,India,6/20/21,53449
IND,India,6/21/21,42640
IND,India,6/22/21,50848
IND,India,6/23/21,54069
IND,India,6/24/21,51667
IND,India,6/25/21,48698
IND,India,6/26/21,50040
IND,India,6/27/21,46148
IND,India,6/28/21,37566
IND,India,6/29/21,45951
IND,India,6/30/21,48786
IND,India,7/1/21,46617
IND,India,7/2/21,44111
IND,India,7/3/21,43071
IND,India,7/4/21,39796
IND,India,7/5/21,34703
IND,India,7/6/21,43733
IND,India,7/7/21,45892
IND,India,7/8/21,43393
IND,India,7/9/21,42766
IND,India,7/10/21,41506
IND,India,7/11/21,37154
IND,India,7/12/21,0
IND,India,7/13/21,71771
USA,United States,1/22/20,1
USA,United States,1/23/20,0
USA,United States,1/24/20,1
USA,United States,1/25/20,0
USA,United States,1/26/20,3
USA,United States,1/27/20,0
USA,United States,1/28/20,0
USA,United States,1/29/20,1
USA,United States,1/30/20,0
USA,United States,1/31/20,2
USA,United States,2/1/20,0
USA,United States,2/2/20,0
USA,United States,2/3/20,3
USA,United States,2/4/20,0
USA,United States,2/5/20,0
USA,United States,2/6/20,1
USA,United States,2/7/20,0
USA,United States,2/8/20,0
USA,United States,2/9/20,0
USA,United States,2/10/20,0
USA,United States,2/11/20,1
USA,United States,2/12/20,0
USA,United States,2/13/20,1
USA,United States,2/14/20,0
USA,United States,2/15/20,0
USA,United States,2/16/20,0
USA,United States,2/17/20,0
USA,United States,2/18/20,0
USA,United States,2/19/20,0
USA,United States,2/20/20,0
USA,United States,2/21/20,2
USA,United States,2/22/20,0
USA,United States,2/23/20,0
USA,United States,2/24/20,0
USA,United States,2/25/20,0
USA,United States,2/26/20,0
USA,United States,2/27/20,1
USA,United States,2/28/20,0
USA,United States,2/29/20,8
USA,United States,3/1/20,7
USA,United States,3/2/20,23
USA,United States,3/3/20,19
USA,United States,3/4/20,33
USA,United States,3/5/20,77
USA,United States,3/6/20,53
USA,United States,3/7/20,166
USA,United States,3/8/20,116
USA,United States,3/9/20,75
USA,United States,3/10/20,188
USA,United States,3/11/20,365
USA,United States,3/12/20,439
USA,United States,3/13/20,633
USA,United States,3/14/20,759
USA,United States,3/15/20,234
USA,United States,3/16/20,1467
USA,United States,3/17/20,1833
USA,United States,3/18/20,2657
USA,United States,3/19/20,4494
USA,United States,3/20/20,6367
USA,United States,3/21/20,5995
USA,United States,3/22/20,8873
USA,United States,3/23/20,11238
USA,United States,3/24/20,10619
USA,United States,3/25/20,12082
USA,United States,3/26/20,17856
USA,United States,3/27/20,18690
USA,United States,3/28/20,19630
USA,United States,3/29/20,18899
USA,United States,3/30/20,22075
USA,United States,3/31/20,26314
USA,United States,4/1/20,32286
USA,United States,4/2/20,32222
USA,United States,4/3/20,32307
USA,United States,4/4/20,32386
USA,United States,4/5/20,29895
USA,United States,4/6/20,31390
USA,United States,4/7/20,30779
USA,United States,4/8/20,31235
USA,United States,4/9/20,35942
USA,United States,4/10/20,34403
USA,United States,4/11/20,29083
USA,United States,4/12/20,27256
USA,United States,4/13/20,26939
USA,United States,4/14/20,28818
USA,United States,4/15/20,25408
USA,United States,4/16/20,30002
USA,United States,4/17/20,33066
USA,United States,4/18/20,27907
USA,United States,4/19/20,26062
USA,United States,4/20/20,29820
USA,United States,4/21/20,25926
USA,United States,4/22/20,28911
USA,United States,4/23/20,33612
USA,United States,4/24/20,32327
USA,United States,4/25/20,30380
USA,United States,4/26/20,26488
USA,United States,4/27/20,23715
USA,United States,4/28/20,24575
USA,United States,4/29/20,26459
USA,United States,4/30/20,29205
USA,United States,5/1/20,34907
USA,United States,5/2/20,27348
USA,United States,5/3/20,24321
USA,United States,5/4/20,24068
USA,United States,5/5/20,24528
USA,United States,5/6/20,24569
USA,United States,5/7/20,27429
USA,United States,5/8/20,26830
USA,United States,5/9/20,25176
USA,United States,5/10/20,18805
USA,United States,5/11/20,19298
USA,United States,5/12/20,22927
USA,United States,5/13/20,20433
USA,United States,5/14/20,26817
USA,United States,5/15/20,24733
USA,United States,5/16/20,24135
USA,United States,5/17/20,18388
USA,United States,5/18/20,22389
USA,United States,5/19/20,20979
USA,United States,5/20/20,22725
USA,United States,5/21/20,25769
USA,United States,5/22/20,23649
USA,United States,5/23/20,21099
USA,United States,5/24/20,20077
USA,United States,5/25/20,18662
USA,United States,5/26/20,19663
USA,United States,5/27/20,18551
USA,United States,5/28/20,22320
USA,United States,5/29/20,24478
USA,United States,5/30/20,23632
USA,United States,5/31/20,18983
USA,United States,6/1/20,17414
USA,United States,6/2/20,21502
USA,United States,6/3/20,19857
USA,United States,6/4/20,21658
USA,United States,6/5/20,25403
USA,United States,6/6/20,21142
USA,United States,6/7/20,17928
USA,United States,6/8/20,17616
USA,United States,6/9/20,18383
USA,United States,6/10/20,21111
USA,United States,6/11/20,23166
USA,United States,6/12/20,24828
USA,United States,6/13/20,25212
USA,United States,6/14/20,18941
USA,United States,6/15/20,19827
USA,United States,6/16/20,23667
USA,United States,6/17/20,27072
USA,United States,6/18/20,28537
USA,United States,6/19/20,31544
USA,United States,6/20/20,32280
USA,United States,6/21/20,25150
USA,United States,6/22/20,32144
USA,United States,6/23/20,37072
USA,United States,6/24/20,35878
USA,United States,6/25/20,40326
USA,United States,6/26/20,45999
USA,United States,6/27/20,41330
USA,United States,6/28/20,40734
USA,United States,6/29/20,41299
USA,United States,6/30/20,46420
USA,United States,7/1/20,51820
USA,United States,7/2/20,56636
USA,United States,7/3/20,51351
USA,United States,7/4/20,45693
USA,United States,7/5/20,50747
USA,United States,7/6/20,43106
USA,United States,7/7/20,60661
USA,United States,7/8/20,60119
USA,United States,7/9/20,62509
USA,United States,7/10/20,68057
USA,United States,7/11/20,60017
USA,United States,7/12/20,58424
USA,United States,7/13/20,58930
USA,United States,7/14/20,68051
USA,United States,7/15/20,68090
USA,United States,7/16/20,75866
USA,United States,7/17/20,72236
USA,United States,7/18/20,62536
USA,United States,7/19/20,60456
USA,United States,7/20/20,62107
USA,United States,7/21/20,64461
USA,United States,7/22/20,70579
USA,United States,7/23/20,68445
USA,United States,7/24/20,73319
USA,United States,7/25/20,64953
USA,United States,7/26/20,54816
USA,United States,7/27/20,56783
USA,United States,7/28/20,66412
USA,United States,7/29/20,71873
USA,United States,7/30/20,67466
USA,United States,7/31/20,68712
USA,United States,8/1/20,56201
USA,United States,8/2/20,45568
USA,United States,8/3/20,45501
USA,United States,8/4/20,58774
USA,United States,8/5/20,54466
USA,United States,8/6/20,59349
USA,United States,8/7/20,59303
USA,United States,8/8/20,54134
USA,United States,8/9/20,45769
USA,United States,8/10/20,47606
USA,United States,8/11/20,48003
USA,United States,8/12/20,56040
USA,United States,8/13/20,51316
USA,United States,8/14/20,65336
USA,United States,8/15/20,46951
USA,United States,8/16/20,39212
USA,United States,8/17/20,36652
USA,United States,8/18/20,45033
USA,United States,8/19/20,47320
USA,United States,8/20/20,44041
USA,United States,8/21/20,48843
USA,United States,8/22/20,43064
USA,United States,8/23/20,34247
USA,United States,8/24/20,36482
USA,United States,8/25/20,40354
USA,United States,8/26/20,45172
USA,United States,8/27/20,45393
USA,United States,8/28/20,46832
USA,United States,8/29/20,42754
USA,United States,8/30/20,34404
USA,United States,8/31/20,35362
USA,United States,9/1/20,41846
USA,United States,9/2/20,41018
USA,United States,9/3/20,44251
USA,United States,9/4/20,50382
USA,United States,9/5/20,43158
USA,United States,9/6/20,31218
USA,United States,9/7/20,23613
USA,United States,9/8/20,27226
USA,United States,9/9/20,34049
USA,United States,9/10/20,36056
USA,United States,9/11/20,47769
USA,United States,9/12/20,41101
USA,United States,9/13/20,34372
USA,United States,9/14/20,34423
USA,United States,9/15/20,39492
USA,United States,9/16/20,39030
USA,United States,9/17/20,45130
USA,United States,9/18/20,49282
USA,United States,9/19/20,42202
USA,United States,9/20/20,38447
USA,United States,9/21/20,51878
USA,United States,9/22/20,39866
USA,United States,9/23/20,39069
USA,United States,9/24/20,47103
USA,United States,9/25/20,48295
USA,United States,9/26/20,44673
USA,United States,9/27/20,37528
USA,United States,9/28/20,33294
USA,United States,9/29/20,43338
USA,United States,9/30/20,39443
USA,United States,10/1/20,45650
USA,United States,10/2/20,54950
USA,United States,10/3/20,48577
USA,United States,10/4/20,35738
USA,United States,10/5/20,39376
USA,United States,10/6/20,45289
USA,United States,10/7/20,51056
USA,United States,10/8/20,58599
USA,United States,10/9/20,56384
USA,United States,10/10/20,54953
USA,United States,10/11/20,45981
USA,United States,10/12/20,41774
USA,United States,10/13/20,52231
USA,United States,10/14/20,59778
USA,United States,10/15/20,64880
USA,United States,10/16/20,69147
USA,United States,10/17/20,56759
USA,United States,10/18/20,49367
USA,United States,10/19/20,67717
USA,United States,10/20/20,61956
USA,United States,10/21/20,63301
USA,United States,10/22/20,76310
USA,United States,10/23/20,81933
USA,United States,10/24/20,82767
USA,United States,10/25/20,62204
USA,United States,10/26/20,67310
USA,United States,10/27/20,76838
USA,United States,10/28/20,79426
USA,United States,10/29/20,91019
USA,United States,10/30/20,99264
USA,United States,10/31/20,89754
USA,United States,11/1/20,104900
USA,United States,11/2/20,85211
USA,United States,11/3/20,127198
USA,United States,11/4/20,104541
USA,United States,11/5/20,129367
USA,United States,11/6/20,128033
USA,United States,11/7/20,127510
USA,United States,11/8/20,115170
USA,United States,11/9/20,120434
USA,United States,11/10/20,140504
USA,United States,11/11/20,146750
USA,United States,11/12/20,164750
USA,United States,11/13/20,180398
USA,United States,11/14/20,167926
USA,United States,11/15/20,136356
USA,United States,11/16/20,162624
USA,United States,11/17/20,163958
USA,United States,11/18/20,173251
USA,United States,11/19/20,191510
USA,United States,11/20/20,198333
USA,United States,11/21/20,179436
USA,United States,11/22/20,146947
USA,United States,11/23/20,174089
USA,United States,11/24/20,175544
USA,United States,11/25/20,183403
USA,United States,11/26/20,112526
USA,United States,11/27/20,207933
USA,United States,11/28/20,155661
USA,United States,11/29/20,140328
USA,United States,11/30/20,160321
USA,United States,12/1/20,188339
USA,United States,12/2/20,202894
USA,United States,12/3/20,223421
USA,United States,12/4/20,232644
USA,United States,12/5/20,215811
USA,United States,12/6/20,181253
USA,United States,12/7/20,194409
USA,United States,12/8/20,224452
USA,United States,12/9/20,222648
USA,United States,12/10/20,231428
USA,United States,12/11/20,240089
USA,United States,12/12/20,217797
USA,United States,12/13/20,187971
USA,United States,12/14/20,194314
USA,United States,12/15/20,208992
USA,United States,12/16/20,246644
USA,United States,12/17/20,239900
USA,United States,12/18/20,251832
USA,United States,12/19/20,192102
USA,United States,12/20/20,188015
USA,United States,12/21/20,198703
USA,United States,12/22/20,198107
USA,United States,12/23/20,229624
USA,United States,12/24/20,194155
USA,United States,12/25/20,97880
USA,United States,12/26/20,226416
USA,United States,12/27/20,155845
USA,United States,12/28/20,174152
USA,United States,12/29/20,200408
USA,United States,12/30/20,233701
USA,United States,12/31/20,235600
USA,United States,1/1/21,153916
USA,United States,1/2/21,300462
USA,United States,1/3/21,208853
USA,United States,1/4/21,184005
USA,United States,1/5/21,235042
USA,United States,1/6/21,255637
USA,United States,1/7/21,278337
USA,United States,1/8/21,295257
USA,United States,1/9/21,260967
USA,United States,1/10/21,213415
USA,United States,1/11/21,214664
USA,United States,1/12/21,226967
USA,United States,1/13/21,230301
USA,United States,1/14/21,235766
USA,United States,1/15/21,242780
USA,United States,1/16/21,201858
USA,United States,1/17/21,177931
USA,United States,1/18/21,143598
USA,United States,1/19/21,176216
USA,United States,1/20/21,183261
USA,United States,1/21/21,193856
USA,United States,1/22/21,190760
USA,United States,1/23/21,170759
USA,United States,1/24/21,131198
USA,United States,1/25/21,151677
USA,United States,1/26/21,147626
USA,United States,1/27/21,153961
USA,United States,1/28/21,168804
USA,United States,1/29/21,166613
USA,United States,1/30/21,142459
USA,United States,1/31/21,112152
USA,United States,2/1/21,134975
USA,United States,2/2/21,115303
USA,United States,2/3/21,121691
USA,United States,2/4/21,124006
USA,United States,2/5/21,134422
USA,United States,2/6/21,104176
USA,United States,2/7/21,89746
USA,United States,2/8/21,90438
USA,United States,2/9/21,95265
USA,United States,2/10/21,95250
USA,United States,2/11/21,105764
USA,United States,2/12/21,99670
USA,United States,2/13/21,87219
USA,United States,2/14/21,65135
USA,United States,2/15/21,54279
USA,United States,2/16/21,62498
USA,United States,2/17/21,70139
USA,United States,2/18/21,69911
USA,United States,2/19/21,79282
USA,United States,2/20/21,71696
USA,United States,2/21/21,57152
USA,United States,2/22/21,56159
USA,United States,2/23/21,72270
USA,United States,2/24/21,74749
USA,United States,2/25/21,77504
USA,United States,2/26/21,77349
USA,United States,2/27/21,64626
USA,United States,2/28/21,51422
USA,United States,3/1/21,58098
USA,United States,3/2/21,57098
USA,United States,3/3/21,67191
USA,United States,3/4/21,68060
USA,United States,3/5/21,66419
USA,United States,3/6/21,58254
USA,United States,3/7/21,41073
USA,United States,3/8/21,44917
USA,United States,3/9/21,57667
USA,United States,3/10/21,57895
USA,United States,3/11/21,62471
USA,United States,3/12/21,61513
USA,United States,3/13/21,53031
USA,United States,3/14/21,38278
USA,United States,3/15/21,56541
USA,United States,3/16/21,54008
USA,United States,3/17/21,59280
USA,United States,3/18/21,60375
USA,United States,3/19/21,61651
USA,United States,3/20/21,55519
USA,United States,3/21/21,33822
USA,United States,3/22/21,51436
USA,United States,3/23/21,53688
USA,United States,3/24/21,86938
USA,United States,3/25/21,67546
USA,United States,3/26/21,77377
USA,United States,3/27/21,62842
USA,United States,3/28/21,43223
USA,United States,3/29/21,69273
USA,United States,3/30/21,61429
USA,United States,3/31/21,66765
USA,United States,4/1/21,79119
USA,United States,4/2/21,69887
USA,United States,4/3/21,63261
USA,United States,4/4/21,35133
USA,United States,4/5/21,77404
USA,United States,4/6/21,60674
USA,United States,4/7/21,75021
USA,United States,4/8/21,79894
USA,United States,4/9/21,82710
USA,United States,4/10/21,66687
USA,United States,4/11/21,46509
USA,United States,4/12/21,70075
USA,United States,4/13/21,77966
USA,United States,4/14/21,75403
USA,United States,4/15/21,74308
USA,United States,4/16/21,80071
USA,United States,4/17/21,52532
USA,United States,4/18/21,42121
USA,United States,4/19/21,68105
USA,United States,4/20/21,60949
USA,United States,4/21/21,62855
USA,United States,4/22/21,67278
USA,United States,4/23/21,62411
USA,United States,4/24/21,53495
USA,United States,4/25/21,32153
USA,United States,4/26/21,47568
USA,United States,4/27/21,50836
USA,United States,4/28/21,55150
USA,United States,4/29/21,58251
USA,United States,4/30/21,57919
USA,United States,5/1/21,45391
USA,United States,5/2/21,29403
USA,United States,5/3/21,50491
USA,United States,5/4/21,40723
USA,United States,5/5/21,44704
USA,United States,5/6/21,47557
USA,United States,5/7/21,48130
USA,United States,5/8/21,33675
USA,United States,5/9/21,21427
USA,United States,5/10/21,36798
USA,United States,5/11/21,33662
USA,United States,5/12/21,35826
USA,United States,5/13/21,38076
USA,United States,5/14/21,42260
USA,United States,5/15/21,28857
USA,United States,5/16/21,16875
USA,United States,5/17/21,28621
USA,United States,5/18/21,27789
USA,United States,5/19/21,29301
USA,United States,5/20/21,30206
USA,United States,5/21/21,27946
USA,United States,5/22/21,19798
USA,United States,5/23/21,12868
USA,United States,5/24/21,25815
USA,United States,5/25/21,22739
USA,United States,5/26/21,23976
USA,United States,5/27/21,27448
USA,United States,5/28/21,21859
USA,United States,5/29/21,12001
USA,United States,5/30/21,6734
USA,United States,5/31/21,5775
USA,United States,6/1/21,22940
USA,United States,6/2/21,16917
USA,United States,6/3/21,19080
USA,United States,6/4/21,16850
USA,United States,6/5/21,13906
USA,United States,6/6/21,5395
USA,United States,6/7/21,15496
USA,United States,6/8/21,13013
USA,United States,6/9/21,18647
USA,United States,6/10/21,14545
USA,United States,6/11/21,24699
USA,United States,6/12/21,8228
USA,United States,6/13/21,4777
USA,United States,6/14/21,12730
USA,United States,6/15/21,11305
USA,United States,6/16/21,12425
USA,United States,6/17/21,10393
USA,United States,6/18/21,20591
USA,United States,6/19/21,8520
USA,United States,6/20/21,3892
USA,United States,6/21/21,12334
USA,United States,6/22/21,10940
USA,United States,6/23/21,12436
USA,United States,6/24/21,12830
USA,United States,6/25/21,23715
USA,United States,6/26/21,7303
USA,United States,6/27/21,3920
USA,United States,6/28/21,15083
USA,United States,6/29/21,11350
USA,United States,6/30/21,13118
USA,United States,7/1/21,14463
USA,United States,7/2/21,29892
USA,United States,7/3/21,4739
USA,United States,7/4/21,3697
USA,United States,7/5/21,5528
USA,United States,7/6/21,24224
USA,United States,7/7/21,22931
USA,United States,7/8/21,20061
USA,United States,7/9/21,48241
USA,United States,7/10/21,9038
USA,United States,7/11/21,6164
USA,United States,7/12/21,35013
USA,United States,7/13/21,26424